commit_hash,author,date,message,files_changed,insertions,deletions
16117a3f,Diana,2023-01-01,Commit message 0,7,365,144
e0bf0804,Charlie,2023-01-02,Commit message 1,6,90,114
8ff3a159,Bob,2023-01-03,Commit message 2,4,169,73
d8e0d30c,Alice,2023-01-04,Commit message 3,8,382,142
f0330de5,Charlie,2023-01-05,Commit message 4,5,407,130
758ac9ba,Diana,2023-01-06,Commit message 5,10,409,38
709a1cc7,Diana,2023-01-07,Commit message 6,10,278,47
f905c2c8,Alice,2023-01-08,Commit message 7,6,188,38
dd1d6870,Charlie,2023-01-09,Commit message 8,4,168,166
6ad82152,Charlie,2023-01-10,Commit message 9,3,103,189
9d78cc54,Charlie,2023-01-11,Commit message 10,6,27,11
4e4a0798,Bob,2023-01-12,Commit message 11,5,399,62
15e803db,Eve,2023-01-13,Commit message 12,8,18,54
7210da0a,Eve,2023-01-14,Commit message 13,9,133,174
b361c4b7,Alice,2023-01-15,Commit message 14,4,421,99
920a2941,Alice,2023-01-16,Commit message 15,1,306,155
5d3ed482,Eve,2023-01-17,Commit message 16,3,152,58
ee601125,Bob,2023-01-18,Commit message 17,2,373,160
bb4d7d14,Charlie,2023-01-19,Commit message 18,9,51,14
45a8b7f3,Charlie,2023-01-20,Commit message 19,2,454,104
21e8c120,Charlie,2023-01-21,Commit message 20,10,176,175
cef816e6,Alice,2023-01-22,Commit message 21,5,216,158
5a7d92c5,Bob,2023-01-23,Commit message 22,1,43,125
a037a80a,Charlie,2023-01-24,Commit message 23,10,268,133
9e7344fe,Diana,2023-01-25,Commit message 24,8,146,198
cd8f5f28,Charlie,2023-01-26,Commit message 25,7,360,22
5b0ad6a4,Alice,2023-01-27,Commit message 26,1,303,173
bceee833,Charlie,2023-01-28,Commit message 27,2,451,55
2154bd10,Bob,2023-01-29,Commit message 28,8,160,125
8f41c852,Diana,2023-01-30,Commit message 29,5,364,151
91fc8910,Eve,2023-01-31,Commit message 30,7,320,63
9c858745,Alice,2023-02-01,Commit message 31,9,76,57
b8017fc1,Alice,2023-02-02,Commit message 32,8,371,19
c676e08f,Bob,2023-02-03,Commit message 33,8,158,12
55d05b96,Bob,2023-02-04,Commit message 34,8,88,67
b59c06f3,Diana,2023-02-05,Commit message 35,4,275,142
d128e1b5,Diana,2023-02-06,Commit message 36,10,241,135
aa2b7bf5,Eve,2023-02-07,Commit message 37,2,228,2
acae5b13,Eve,2023-02-08,Commit message 38,3,287,145
e2231375,Charlie,2023-02-09,Commit message 39,4,449,143
e01e4997,Eve,2023-02-10,Commit message 40,7,391,99
9cc8b5d0,Diana,2023-02-11,Commit message 41,4,294,94
458194ed,Bob,2023-02-12,Commit message 42,3,45,102
52e701a1,Alice,2023-02-13,Commit message 43,1,379,44
96778c1e,Alice,2023-02-14,Commit message 44,1,23,18
ca5646ce,Bob,2023-02-15,Commit message 45,2,46,108
f3c14260,Alice,2023-02-16,Commit message 46,5,258,1
cf174e6d,Diana,2023-02-17,Commit message 47,5,135,126
def495be,Alice,2023-02-18,Commit message 48,3,227,38
6dda5121,Alice,2023-02-19,Commit message 49,10,478,133
4f0daba1,Eve,2023-02-20,Commit message 50,2,99,97
96a17bd0,Eve,2023-02-21,Commit message 51,4,455,71
bc4231d8,Eve,2023-02-22,Commit message 52,3,180,52
6efdfd68,Bob,2023-02-23,Commit message 53,7,189,162
6e8331ad,Diana,2023-02-24,Commit message 54,7,22,138
9e19e32c,Charlie,2023-02-25,Commit message 55,1,478,134
d17abd78,Bob,2023-02-26,Commit message 56,5,149,136
a45223cb,Eve,2023-02-27,Commit message 57,6,50,84
b1464eb5,Bob,2023-02-28,Commit message 58,9,437,29
b3571b34,Alice,2023-03-01,Commit message 59,1,22,92
3e1be6d9,Eve,2023-03-02,Commit message 60,7,152,34
f5690e99,Diana,2023-03-03,Commit message 61,10,485,145
2bc53da6,Diana,2023-03-04,Commit message 62,10,109,145
81a0886a,Charlie,2023-03-05,Commit message 63,2,85,113
145aeeae,Bob,2023-03-06,Commit message 64,3,399,51
38af9b1b,Eve,2023-03-07,Commit message 65,3,240,168
f6aa2ebc,Eve,2023-03-08,Commit message 66,2,206,61
b6173b08,Alice,2023-03-09,Commit message 67,10,398,15
2aa1facd,Alice,2023-03-10,Commit message 68,7,106,100
c14eb0b7,Charlie,2023-03-11,Commit message 69,3,237,106
be858aec,Eve,2023-03-12,Commit message 70,8,41,153
bd735932,Bob,2023-03-13,Commit message 71,5,216,130
5cc0e3e3,Bob,2023-03-14,Commit message 72,10,329,122
a4705988,Alice,2023-03-15,Commit message 73,10,362,13
9a5c2db2,Bob,2023-03-16,Commit message 74,8,149,15
3ae15720,Eve,2023-03-17,Commit message 75,3,12,54
b97ad8d7,Diana,2023-03-18,Commit message 76,5,241,130
768d9bf7,Charlie,2023-03-19,Commit message 77,2,499,72
d6e9e23d,Charlie,2023-03-20,Commit message 78,3,469,83
ff9a646f,Diana,2023-03-21,Commit message 79,9,396,173
e7d0a492,Diana,2023-03-22,Commit message 80,10,359,91
e687a6a8,Charlie,2023-03-23,Commit message 81,4,41,96
40f49e84,Charlie,2023-03-24,Commit message 82,7,138,176
946f5766,Diana,2023-03-25,Commit message 83,10,469,93
ec68fcc8,Alice,2023-03-26,Commit message 84,5,421,113
c0889652,Diana,2023-03-27,Commit message 85,8,178,64
57ecc1b2,Charlie,2023-03-28,Commit message 86,3,64,69
6ef37b62,Bob,2023-03-29,Commit message 87,2,413,162
293699e7,Charlie,2023-03-30,Commit message 88,9,146,140
62c40a22,Diana,2023-03-31,Commit message 89,3,288,89
14324e61,Bob,2023-04-01,Commit message 90,3,249,138
7f665abc,Diana,2023-04-02,Commit message 91,2,422,156
ab97fb16,Charlie,2023-04-03,Commit message 92,4,400,162
9b6d084a,Charlie,2023-04-04,Commit message 93,8,258,74
dc1a252a,Charlie,2023-04-05,Commit message 94,8,422,63
8a24ad26,Eve,2023-04-06,Commit message 95,3,53,83
d56d58d0,Diana,2023-04-07,Commit message 96,8,290,108
cd19b8fb,Alice,2023-04-08,Commit message 97,3,160,30
df3a4f64,Eve,2023-04-09,Commit message 98,2,219,104
737b4a5f,Diana,2023-04-10,Commit message 99,5,101,107
